battery_voltage,load_voltage,set_voltage,pwm_duty_cycle,label
3.29,4.78,4.2,42.03,2
6.57,2.29,4.04,30.77,1
7.06,2.54,1.5,65.77,2
4.4,0.97,2.64,7.03,1
7.89,0.64,1.87,179.55,1
8.15,5.14,4.13,161.51,2
5.04,3.71,2.31,29.26,2
7.08,1.76,1.68,37.71,2
3.65,3.54,4.88,57.6,1
8.22,1.75,3.73,42.97,1
8.45,4.3,3.95,40.48,2
3.47,4.99,4.2,41.81,2
4.17,3.19,4.28,228.17,1
5.41,4.32,4.3,111.51,2
3.49,4.68,2.78,148.93,2
6.69,3.54,3.7,95.32,1
3.35,0.08,1.19,185.13,1
6.27,5.87,4.66,254.01,2
7.15,3.77,3.86,84.97,1
3.44,3.01,3.49,70.61,1
8.46,4.77,4.64,232.79,2
5.81,5.08,3.13,229.27,2
8.48,0.53,2.0,204.33,1
5.21,2.45,1.59,10.95,2
3.24,2.56,3.88,193.39,1
5.02,3.58,3.15,94.9,2
7.52,2.48,4.44,105.51,1
4.31,2.43,1.37,32.21,2
5.98,2.41,2.16,240.23,2
6.96,2.59,2.95,85.17,1
5.4,0.81,1.62,59.26,1
4.33,5.28,4.81,225.35,2
5.57,3.19,3.78,94.69,1
5.68,2.96,4.76,92.67,1
4.91,3.67,2.44,165.22,2
7.09,1.93,2.07,208.39,1
5.94,2.52,1.66,69.35,2
7.74,2.16,4.11,187.71,1
7.44,2.09,2.03,86.1,2
3.29,-0.39,1.28,6.85,1
5.84,3.09,4.05,229.96,1
7.03,3.49,4.55,113.75,1
6.98,3.9,2.67,136.59,2
3.18,3.42,2.6,220.85,2
6.49,6.23,4.91,35.22,2
6.22,2.71,3.06,160.6,1
8.28,4.43,4.2,205.59,2
6.55,3.21,1.62,113.76,2
5.47,1.58,2.36,116.26,1
7.56,-0.37,1.12,224.93,1
6.78,3.72,3.25,35.84,2
5.06,4.23,3.62,236.36,2
6.73,2.73,2.1,140.74,2
4.87,2.07,1.65,34.09,2
4.52,2.97,4.5,55.4,1
7.46,1.19,1.29,43.47,1
5.8,3.01,4.64,189.45,1
5.79,3.69,2.28,211.91,2
6.02,3.95,4.0,70.44,1
3.19,2.46,3.73,219.79,1
7.43,2.37,1.54,248.69,2
7.15,3.26,1.91,171.24,2
8.26,2.92,3.15,138.31,1
7.42,1.34,2.78,111.85,1
7.75,0.98,1.87,91.44,1
8.08,3.24,4.37,158.3,1
7.52,0.37,2.11,132.86,1
6.58,3.44,4.77,37.12,1
6.5,3.77,2.19,115.25,2
3.55,4.51,4.49,147.6,2
3.04,1.73,2.65,42.78,1
4.21,0.56,1.9,125.75,1
5.98,1.16,2.49,103.81,1
7.52,5.03,4.72,194.5,2
8.03,3.38,3.58,27.67,1
4.94,1.88,1.31,170.28,2
3.11,3.63,2.68,48.72,2
7.12,3.33,3.44,92.16,1
8.26,2.77,2.55,10.59,2
6.78,4.63,2.75,204.42,2
6.15,-0.48,1.29,150.22,1
6.83,3.38,3.23,17.54,2
4.06,3.07,2.4,207.88,2
7.14,4.35,3.16,110.61,2
4.69,3.51,2.25,22.47,2
3.14,1.28,2.38,250.2,1
5.72,2.67,1.67,129.51,2
4.16,1.63,1.42,40.37,2
4.58,5.54,3.74,237.38,2
7.91,1.1,1.49,239.66,1
5.94,3.13,4.44,84.34,1
5.79,6.24,4.39,221.41,2
3.03,1.51,3.04,243.91,1
3.22,4.34,4.54,179.94,1
7.18,3.54,1.64,52.19,2
8.35,4.19,3.5,43.61,2
5.46,0.44,1.15,198.25,1
7.26,4.45,3.73,42.96,2
4.27,2.72,1.59,60.46,2
6.89,3.75,3.98,112.19,1
5.74,2.04,2.28,21.38,1
6.84,2.22,1.65,190.44,2
4.55,3.46,1.61,54.36,2
6.37,3.39,2.15,173.9,2
7.06,4.93,4.14,85.13,2
3.86,4.91,3.96,183.94,2
5.46,3.32,2.62,41.8,2
6.53,0.1,1.59,8.73,1
6.11,2.96,2.69,47.1,2
4.7,4.18,2.52,142.29,2
3.34,2.26,3.24,20.3,1
6.5,6.49,4.72,134.76,2
3.89,0.43,2.32,44.8,1
8.09,5.03,4.74,138.16,2
5.82,1.71,2.01,121.1,1
3.88,3.77,3.19,226.43,2
5.73,2.75,3.13,0.76,1
6.6,5.37,4.99,49.36,2
5.78,2.57,2.67,231.22,1
5.22,1.69,1.72,202.12,1
7.15,4.95,3.0,103.79,2
4.08,3.3,1.77,190.03,2
6.29,3.45,4.6,170.98,1
5.5,3.26,1.4,47.12,2
4.27,4.9,3.92,65.16,2
8.09,1.54,1.23,177.17,2
6.21,3.22,3.11,174.85,2
6.45,0.94,2.6,165.98,1
3.41,1.33,2.65,85.63,1
6.84,3.07,1.46,64.73,2
7.45,4.15,3.9,57.25,2
7.69,3.59,1.71,110.27,2
5.49,0.33,2.12,174.45,1
5.59,3.27,2.85,66.2,2
4.07,4.97,4.74,86.19,2
3.75,0.57,1.29,77.15,1
7.1,1.06,2.26,114.74,1
7.71,3.84,4.93,100.67,1
3.79,1.07,1.57,131.12,1
8.42,5.53,4.73,120.37,2
7.25,5.25,4.23,24.36,2
5.89,5.16,3.53,172.54,2
3.21,5.75,4.83,112.75,2
3.62,4.5,4.01,128.47,2
5.87,3.02,1.58,89.91,2
7.38,1.2,3.12,217.2,1
8.09,4.12,3.85,191.06,2
4.6,3.95,4.62,47.25,1
7.4,5.1,3.31,23.94,2
7.13,2.67,3.11,234.37,1
8.05,2.37,1.99,152.59,2
4.49,5.13,3.84,235.32,2
5.46,3.94,3.41,16.8,2
6.03,4.65,3.5,94.89,2
6.33,2.43,3.98,92.11,1
4.61,3.36,2.1,110.96,2
7.24,6.18,4.52,4.48,2
4.91,3.7,4.64,201.27,1
6.65,5.21,3.95,18.49,2
5.81,1.1,2.73,230.44,1
5.9,3.64,3.4,170.98,2
3.88,4.03,3.95,165.06,2
5.48,2.47,1.04,59.81,2
7.07,3.87,1.96,53.19,2
7.54,6.63,4.83,104.82,2
8.28,1.26,1.59,208.63,1
7.92,-0.5,1.07,177.54,1
6.54,1.95,3.68,93.44,1
7.47,2.94,3.97,63.06,1
4.54,4.74,4.19,204.15,2
3.83,3.58,2.48,142.18,2
8.08,5.91,4.14,12.72,2
6.83,3.43,3.58,61.98,1
7.66,3.16,1.49,151.27,2
3.52,1.03,1.98,195.77,1
4.59,4.67,3.71,52.87,2
8.02,6.13,4.15,253.25,2
3.33,1.2,1.72,155.08,1
6.59,4.12,3.44,179.19,2
4.69,6.12,4.59,249.52,2
7.26,2.02,3.84,56.48,1
7.59,4.54,4.67,183.03,1
7.36,2.9,4.23,226.81,1
3.31,3.91,4.51,193.79,1
3.15,2.85,2.04,52.39,2
4.78,2.51,3.36,148.65,1
3.89,6.08,4.75,165.85,2
5.17,5.65,4.46,158.49,2
3.79,3.15,4.79,199.2,1
3.16,3.28,2.98,205.6,2
3.57,4.24,4.04,228.18,2
5.71,2.29,2.19,84.26,2
6.92,1.57,3.38,153.61,1
3.48,1.48,2.52,236.53,1
7.11,2.1,1.71,180.41,2
5.0,3.5,2.36,127.7,2
5.07,3.89,3.45,177.89,2
4.96,6.09,4.63,167.96,2
6.94,4.63,5.0,21.21,1
7.87,5.18,3.75,61.97,2
5.23,3.9,3.45,184.79,2
6.36,4.24,4.11,125.98,2
4.52,3.84,4.69,212.74,1
4.71,3.48,1.64,247.49,2
8.09,2.28,2.83,187.56,1
3.83,1.81,1.14,139.14,2
5.91,3.57,1.78,11.08,2
5.42,1.56,3.36,215.38,1
8.06,5.31,3.79,218.42,2
3.33,5.36,4.01,102.85,2
6.27,3.9,2.83,112.95,2
4.48,2.51,2.94,168.59,1
3.98,5.36,3.61,4.91,2
6.93,3.37,3.01,6.23,2
8.26,3.35,4.18,18.02,1
4.42,2.81,1.01,249.89,2
8.11,2.28,2.21,15.91,2
4.88,2.74,1.95,206.32,2
7.18,3.64,1.94,98.01,2
5.96,3.08,1.4,135.08,2
6.46,3.57,1.58,48.77,2
7.98,1.65,1.01,4.32,2
4.33,0.5,1.54,243.3,1
3.47,6.01,4.53,246.48,2
3.42,1.81,3.37,13.73,1
3.13,1.27,2.7,140.1,1
7.88,4.01,3.09,158.0,2
8.47,4.56,3.99,209.16,2
4.7,3.39,3.18,67.14,2
7.07,1.04,2.43,80.31,1
3.26,3.84,5.0,127.14,1
4.36,3.58,3.26,171.16,2
4.91,3.73,2.95,207.53,2
5.29,3.02,2.21,28.35,2
6.2,2.71,1.3,224.34,2
4.14,3.62,4.32,56.08,1
7.51,5.03,3.41,207.47,2
3.29,1.93,1.49,178.97,2
4.69,2.51,1.43,243.08,2
5.21,0.48,2.12,207.37,1
4.27,3.84,4.77,154.71,1
3.51,2.81,1.55,170.56,2
8.26,5.7,4.63,184.0,2
4.97,1.69,2.76,31.44,1
5.97,2.55,2.71,19.1,1
4.56,3.73,3.33,254.18,2
6.88,0.5,1.79,18.12,1
3.92,3.67,4.22,120.96,1
5.01,6.76,4.81,121.32,2
5.07,4.27,3.94,68.31,2
7.2,2.5,1.33,30.61,2
8.19,-0.2,1.4,72.06,1
6.99,3.17,4.41,38.65,1
6.43,0.96,1.89,241.74,1
6.21,5.57,4.65,133.75,2
7.36,5.03,3.92,178.47,2
7.57,3.48,4.28,122.69,1
7.22,-0.29,1.1,77.06,1
6.44,1.49,1.26,198.55,2
7.57,3.77,4.88,188.83,1
4.25,0.85,2.22,238.84,1
8.3,1.56,1.08,227.0,2
3.07,3.88,3.76,214.16,2
8.4,3.79,4.21,90.79,1
5.75,4.82,3.11,246.55,2
6.22,1.78,2.44,140.26,1
7.55,0.48,1.57,208.87,1
4.0,1.64,2.07,218.05,1
5.96,4.4,4.7,112.96,1
4.59,1.76,2.74,223.7,1
8.0,3.46,3.62,134.32,1
4.15,0.14,1.5,122.66,1
6.81,3.03,2.62,192.47,2
5.19,2.4,2.08,210.75,2
7.04,3.88,4.83,67.23,1
7.92,2.68,2.81,78.07,1
7.33,3.21,4.31,1.35,1
7.91,2.87,1.78,110.86,2
4.55,5.67,4.55,25.51,2
7.22,-0.69,1.02,114.68,1
3.69,3.89,2.42,44.01,2
6.68,2.05,3.85,18.17,1
5.04,0.14,1.86,169.98,1
4.78,2.3,2.84,242.41,1
7.84,3.08,3.58,58.55,1
5.39,0.6,1.23,39.89,1
7.74,3.2,4.42,205.47,1
5.43,2.53,2.51,154.13,2
7.7,1.87,2.55,101.52,1
3.42,4.88,3.8,250.38,2
5.48,2.61,2.54,35.72,2
4.68,4.29,3.81,109.9,2
8.1,3.07,2.86,33.42,2
3.65,2.82,1.69,112.13,2
5.78,2.65,2.28,63.83,2
3.79,2.01,2.86,189.7,1
7.3,5.08,4.15,1.66,2
6.12,4.01,2.2,26.45,2
6.78,1.01,2.51,212.08,1
3.1,4.54,2.85,172.19,2
3.54,2.94,4.82,203.06,1
5.63,2.15,3.55,245.58,1
4.79,3.88,2.1,44.73,2
6.13,2.48,1.15,155.7,2
4.82,4.47,4.01,58.52,2
6.54,1.46,1.01,73.12,2
5.71,3.14,2.52,85.91,2
3.8,4.02,3.37,218.22,2
6.37,1.22,2.51,95.83,1
4.76,5.11,3.94,118.09,2
7.02,1.3,1.52,59.89,1
4.64,6.96,4.99,174.29,2
8.05,1.03,1.64,15.6,1
6.38,0.09,1.7,130.24,1
4.56,5.06,3.65,6.72,2
8.48,0.48,2.24,240.53,1
4.2,3.24,2.68,92.4,2
3.9,3.17,1.99,131.84,2
3.65,4.96,4.73,207.23,2
3.82,4.1,4.3,164.29,1
3.09,5.32,3.91,9.06,2
6.61,6.41,4.84,16.95,2
7.79,2.37,1.86,6.21,2
4.19,2.48,3.08,181.71,1
5.99,3.83,3.85,119.34,1
6.84,-0.35,1.31,197.91,1
7.33,4.63,4.59,2.56,2
4.05,3.94,4.12,17.75,1
8.17,3.61,3.06,193.01,2
7.25,4.79,4.91,216.28,1
5.06,-0.13,1.02,83.11,1
4.99,1.07,1.93,187.08,1
3.97,-0.74,1.2,75.51,1
7.0,2.34,2.52,30.76,1
4.75,4.66,3.27,194.59,2
5.42,2.22,1.41,14.68,2
7.01,3.87,4.37,93.03,1
4.81,3.99,2.09,212.64,2
6.17,4.85,4.26,249.87,2
4.61,3.75,4.77,108.22,1
5.43,2.9,2.18,223.92,2
8.42,0.55,1.23,120.18,1
6.25,2.83,1.43,239.27,2
5.46,2.85,3.39,121.75,1
6.93,3.88,4.37,237.24,1
7.7,2.95,3.26,99.31,1
5.33,4.59,3.27,29.02,2
3.83,4.12,4.76,85.9,1
8.18,2.16,3.07,76.83,1
3.93,4.0,4.28,231.2,1
5.15,0.85,1.46,34.63,1
7.09,3.89,1.91,65.34,2
8.19,3.23,4.86,196.02,1
3.37,5.99,4.91,36.87,2
3.09,2.15,2.25,39.03,1
7.1,1.92,2.49,182.84,1
7.23,2.67,4.56,38.14,1
7.15,3.47,2.19,241.6,2
3.82,5.73,4.5,96.45,2
8.05,4.4,3.83,127.79,2
3.49,4.93,3.88,205.65,2
6.24,6.63,4.85,177.13,2
5.14,3.43,4.46,100.32,1
7.85,2.22,2.0,1.97,2
5.33,0.33,1.49,176.1,1
3.03,2.03,2.37,185.72,1
3.13,-0.06,1.87,215.99,1
5.48,6.08,4.6,1.32,2
5.71,1.88,2.22,229.12,1
3.33,2.8,2.08,152.17,2
5.11,5.1,3.74,134.15,2
7.65,4.58,3.08,100.64,2
6.61,2.48,3.12,82.67,1
4.61,2.75,3.14,7.85,1
8.21,1.51,3.32,191.47,1
6.05,3.92,3.34,66.49,2
3.85,4.41,4.95,188.73,1
5.88,3.84,2.17,156.99,2
6.39,3.57,3.13,179.79,2
6.52,4.62,4.41,217.55,2
7.65,6.01,4.98,127.43,2
5.92,0.55,1.67,141.56,1
6.77,1.81,3.47,92.31,1
5.58,5.0,3.38,211.73,2
5.65,1.68,1.15,200.17,2
4.42,3.44,4.12,218.42,1
7.89,5.04,3.65,175.17,2
5.95,1.73,3.42,179.91,1
5.31,3.2,1.58,4.64,2
3.12,5.21,4.04,234.87,2
8.09,2.67,4.61,121.1,1
3.63,0.8,2.73,112.29,1
7.27,6.22,4.29,199.58,2
6.2,1.57,1.58,200.48,1
6.09,6.27,4.69,190.99,2
6.39,2.64,4.41,28.79,1
6.1,1.85,3.57,20.46,1
6.18,4.13,4.09,36.76,2
7.94,5.7,4.31,237.12,2
6.77,4.27,4.37,182.89,1
3.11,1.98,2.14,55.33,1
6.45,5.17,4.96,126.28,2
5.59,3.96,4.72,70.01,1
4.72,2.35,3.67,126.07,1
4.42,3.98,4.43,174.28,1
3.19,4.3,4.05,149.71,2
4.4,3.39,4.77,125.79,1
8.43,2.18,2.0,90.28,2
7.65,2.65,3.49,38.51,1
7.76,2.67,2.03,153.73,2
7.62,0.69,1.27,197.45,1
5.12,2.46,3.6,123.34,1
7.71,6.2,4.5,193.37,2
7.35,3.12,4.46,17.06,1
7.58,2.04,1.55,113.54,2
5.81,4.96,3.47,115.07,2
6.27,0.46,1.73,236.64,1
3.9,2.35,1.06,121.84,2
5.83,5.1,3.28,86.79,2
6.02,3.7,3.56,165.15,2
4.46,5.56,4.19,55.19,2
5.17,0.59,2.03,218.12,1
8.39,6.61,4.72,94.86,2
8.34,2.55,1.52,140.95,2
5.64,-0.1,1.44,149.13,1
3.52,3.17,1.39,203.96,2
7.14,1.7,1.25,15.75,2
4.54,3.36,4.97,62.24,1
5.72,3.42,4.49,213.73,1
3.25,0.73,2.46,224.13,1
4.44,4.3,4.02,121.45,2
7.62,3.17,3.51,98.97,1
6.8,3.36,2.2,247.44,2
4.13,2.6,3.61,167.79,1
3.78,2.98,4.14,103.17,1
7.22,1.63,2.44,79.09,1
8.24,3.45,4.15,233.75,1
5.04,2.03,3.91,55.95,1
7.54,3.37,4.35,172.02,1
7.85,2.5,3.35,65.83,1
3.61,-0.11,1.66,95.48,1
5.25,0.56,2.4,86.44,1
3.87,2.29,3.16,118.28,1
8.39,1.72,3.09,114.04,1
6.8,0.67,2.17,177.64,1
3.27,5.58,4.51,157.65,2
6.38,5.42,4.08,249.28,2
8.06,4.73,4.02,70.79,2
4.43,1.74,3.25,83.87,1
5.18,4.3,2.6,106.06,2
6.87,0.81,2.16,72.95,1
6.98,3.22,3.98,113.4,1
5.2,0.7,1.48,157.02,1
7.34,3.1,2.18,50.1,2
3.53,6.52,4.84,174.65,2
4.26,2.26,2.05,194.64,2
3.24,4.23,4.97,171.49,1
4.31,4.52,3.12,25.27,2
6.11,0.08,1.56,52.46,1
6.05,2.18,1.02,58.35,2
8.41,5.13,4.13,123.22,2
8.23,4.39,3.78,192.88,2
5.15,4.0,4.02,135.12,1
6.7,3.78,3.08,140.15,2
7.68,2.12,1.48,224.15,2
6.34,2.22,2.44,196.3,1
4.5,2.05,3.26,186.47,1
5.15,5.46,4.05,211.36,2
4.07,3.51,2.32,219.12,2
5.44,3.54,2.41,41.53,2
7.99,2.23,2.13,19.16,2
6.45,0.98,2.92,115.26,1
7.16,4.7,4.35,207.9,2
5.27,3.58,3.69,162.51,1
7.03,0.5,2.07,62.82,1
7.56,0.93,1.55,236.26,1
3.85,5.63,4.04,211.46,2
5.87,0.51,1.41,250.14,1
3.65,3.9,4.35,182.64,1
7.42,3.15,4.1,105.18,1
5.39,4.43,3.63,227.84,2
6.54,4.56,4.02,217.38,2
3.79,4.18,3.65,180.73,2
3.9,4.7,3.63,137.89,2
3.91,3.23,3.83,156.46,1
3.16,3.48,2.38,212.58,2
4.92,3.08,3.89,94.58,1
7.96,4.71,3.75,30.23,2
5.36,4.39,3.78,138.13,2
6.32,3.03,2.69,119.79,2
7.43,3.98,4.97,183.47,1
5.85,-0.16,1.21,252.46,1
4.81,3.28,2.67,181.85,2
4.71,1.2,2.75,224.21,1
3.7,3.51,2.47,44.06,2
8.36,-0.38,1.18,119.16,1
8.29,4.48,2.76,135.24,2
6.64,5.18,3.91,88.61,2
7.42,3.63,3.13,105.44,2
8.12,4.73,3.51,158.39,2
5.75,2.19,3.63,45.32,1
3.02,4.35,4.97,42.31,1
8.47,3.48,1.62,11.06,2
5.6,2.76,1.31,184.42,2
6.75,1.6,2.63,123.08,1
3.05,2.82,2.49,122.39,2
6.47,0.26,2.25,62.14,1
3.34,6.05,4.74,212.83,2
7.28,0.22,1.09,18.96,1
7.02,6.27,4.37,217.13,2
4.89,2.99,1.91,232.14,2
3.4,3.84,4.62,32.05,1
3.8,1.23,1.11,11.02,2
7.1,4.87,4.37,173.63,2
7.15,0.23,1.81,77.66,1
3.49,4.0,3.94,40.96,2
3.59,1.97,3.16,8.11,1
4.05,2.67,1.44,97.28,2
4.03,3.03,2.38,134.83,2
3.49,2.55,4.35,190.44,1
3.06,1.98,2.8,46.32,1
7.05,5.45,4.13,151.48,2
5.44,0.03,1.08,90.18,1
3.13,2.13,1.87,126.47,2
3.45,5.03,3.41,227.38,2
4.61,-0.19,1.57,28.98,1
5.41,2.05,3.41,29.8,1
7.37,3.2,2.24,199.55,2
5.77,5.53,4.54,13.45,2
4.07,3.64,2.38,109.27,2
7.95,2.75,2.24,168.46,2
7.37,5.57,4.4,57.96,2
7.8,2.63,3.82,170.74,1
3.94,1.75,3.09,156.2,1
6.64,2.41,2.28,22.22,2
6.53,1.99,3.54,4.13,1
3.28,6.52,4.76,189.06,2
7.39,4.0,2.14,251.13,2
4.41,2.09,3.79,86.75,1
8.34,3.69,3.68,13.04,2
4.04,6.67,4.88,173.78,2
3.72,1.12,1.04,221.29,2
6.93,3.47,4.68,89.3,1
7.9,2.19,3.93,243.95,1
3.63,1.08,2.42,124.06,1
7.72,3.64,3.72,116.89,1
6.68,2.33,2.91,113.98,1
3.31,2.03,1.1,131.39,2
7.19,3.33,4.78,66.81,1
6.92,2.36,4.25,180.13,1
3.95,1.75,2.73,123.24,1
8.21,6.11,4.18,83.65,2
7.6,0.5,1.15,28.7,1
5.9,5.93,4.45,34.19,2
6.89,3.12,4.44,4.08,1
3.16,2.7,1.39,83.33,2
3.07,3.47,2.73,219.85,2
8.42,2.75,3.0,185.13,1
3.69,4.74,4.02,209.71,2
6.53,2.78,4.37,198.0,1
3.76,3.14,4.39,9.65,1
6.19,2.62,2.3,53.57,2
7.03,0.78,2.02,63.82,1
3.81,4.46,3.51,179.05,2
3.98,5.2,4.5,112.84,2
3.24,2.96,3.29,24.45,1
5.92,4.41,4.48,191.44,1
7.62,4.62,4.63,232.7,1
7.24,2.18,3.07,92.0,1
3.25,1.7,3.39,160.33,1
3.78,4.79,3.36,11.31,2
6.33,1.43,1.86,128.58,1
7.94,1.87,3.0,78.07,1
7.71,4.44,2.73,178.85,2
4.69,4.54,4.85,36.38,1
7.43,2.4,4.35,206.87,1
3.72,3.61,4.46,71.46,1
5.93,2.5,4.31,21.72,1
6.48,5.57,4.92,220.85,2
4.74,2.55,2.67,19.76,1
8.14,5.1,4.33,63.11,2
8.22,4.49,3.03,178.16,2
3.17,5.52,3.98,118.36,2
8.08,5.55,4.58,96.31,2
4.17,2.19,2.21,234.29,1
4.21,4.37,3.17,22.26,2
8.26,2.61,3.38,208.04,1
3.86,6.76,4.87,97.07,2
6.15,3.49,3.07,25.96,2
3.67,0.12,1.68,34.6,1
3.8,1.97,2.52,75.81,1
6.91,3.72,2.07,252.2,2
4.26,4.49,3.49,108.93,2
3.28,3.32,4.48,26.19,1
3.49,1.43,1.21,233.09,2
3.07,5.73,4.5,52.49,2
7.91,3.32,3.52,191.38,1
8.03,4.38,4.06,82.65,2
4.39,5.92,4.15,246.54,2
3.5,3.41,2.08,105.56,2
3.69,4.99,3.29,137.94,2
3.19,3.23,3.57,79.19,1
5.49,5.94,4.68,118.24,2
4.36,4.86,3.62,239.83,2
5.36,4.19,4.27,80.93,1
3.82,1.91,2.13,245.63,1
7.28,1.63,3.03,123.04,1
3.42,1.95,2.23,201.84,1
4.39,1.28,2.22,108.16,1
3.13,4.31,2.6,82.41,2
6.46,2.09,1.18,245.82,2
6.37,-0.32,1.66,116.18,1
8.5,1.6,1.32,130.44,2
7.84,3.21,1.44,30.65,2
6.98,-0.23,1.05,219.1,1
6.15,2.54,4.25,210.9,1
7.76,2.44,4.43,177.68,1
6.26,-0.01,1.81,231.32,1
5.43,2.52,4.1,96.35,1
5.62,3.55,3.37,148.98,2
6.37,1.02,2.39,46.61,1
6.71,6.08,4.26,46.47,2
8.11,2.7,2.55,237.95,2
6.75,3.94,3.96,66.22,1
5.73,1.33,1.3,139.43,2
3.64,5.0,4.06,236.21,2
5.13,4.89,3.08,16.93,2
7.47,1.24,2.01,247.36,1
6.75,4.06,4.13,77.2,1
6.26,2.01,1.77,212.51,2
3.17,1.49,2.22,89.09,1
4.87,2.93,1.74,224.87,2
5.11,6.13,4.56,56.38,2
7.74,4.33,3.48,223.9,2
7.11,5.7,3.84,230.36,2
7.61,1.6,2.77,165.92,1
5.5,4.31,2.94,194.15,2
5.94,2.61,4.08,204.22,1
8.22,6.22,4.48,78.0,2
4.9,3.2,4.79,193.48,1
7.47,2.63,4.4,194.85,1
7.33,0.93,2.47,119.19,1
5.57,3.25,2.96,178.33,2
6.85,3.99,4.49,42.46,1
5.16,1.62,1.31,41.68,2
4.8,3.84,4.46,59.05,1
5.2,5.93,4.99,236.34,2
7.63,0.35,2.2,121.65,1
3.34,0.62,2.61,84.34,1
4.22,2.52,1.31,50.74,2
6.75,2.61,2.77,203.4,1
4.89,2.98,3.1,133.25,1
4.92,2.84,2.01,134.5,2
3.26,3.01,2.5,11.91,2
7.05,2.93,4.34,28.45,1
4.99,2.53,3.91,199.39,1
5.51,2.27,2.6,1.12,1
4.31,5.29,4.67,81.99,2
4.74,1.61,3.07,23.98,1
4.69,4.78,3.53,230.42,2
7.78,2.88,2.42,249.59,2
3.1,1.65,1.07,34.37,2
3.04,2.18,3.72,98.44,1
7.16,3.69,4.7,39.79,1
8.09,3.21,3.98,240.39,1
5.26,-0.81,1.04,184.57,1
4.15,5.49,4.45,8.57,2
4.71,0.81,1.86,25.52,1
6.13,5.44,4.16,224.48,2
5.35,4.45,4.78,117.17,1
3.52,5.72,4.91,220.52,2
5.21,0.13,1.82,102.06,1
6.62,4.5,3.27,138.06,2
7.73,5.13,4.45,171.94,2
4.9,2.38,4.1,121.71,1
4.16,3.45,3.33,93.25,2
7.97,-0.71,1.12,41.55,1
7.21,2.56,1.02,17.74,2
5.22,2.34,1.23,24.97,2
6.83,6.4,4.87,55.75,2
5.03,0.73,2.05,216.63,1
8.11,1.8,3.14,143.27,1
5.2,0.11,1.49,199.61,1
3.87,1.04,2.9,47.92,1
7.25,3.13,1.46,231.29,2
6.0,5.23,3.45,7.39,2
3.97,5.8,4.83,143.4,2
4.77,3.12,3.63,66.57,1
3.29,4.14,3.44,52.83,2
6.41,2.2,1.14,41.89,2
3.4,0.91,2.14,8.37,1
6.43,4.97,4.64,92.85,2
6.53,4.26,3.5,94.19,2
6.22,3.76,2.59,3.26,2
3.08,3.12,1.58,56.81,2
8.32,0.98,2.34,154.67,1
5.32,2.77,1.11,89.91,2
5.31,-0.18,1.47,65.29,1
4.97,3.62,4.67,35.39,1
7.76,3.8,3.78,164.14,2
4.45,3.99,3.91,37.79,2
7.2,3.57,3.95,239.32,1
6.22,5.41,4.73,163.11,2
4.21,4.67,4.03,131.72,2
5.47,2.04,1.81,59.79,2
4.51,6.15,4.42,64.87,2
6.32,3.86,3.33,228.17,2
5.53,2.58,3.88,77.57,1
8.22,3.1,3.5,229.07,1
6.66,0.56,1.29,154.66,1
5.04,3.66,3.53,45.92,2
6.56,6.16,4.91,104.23,2
7.75,2.05,1.88,138.48,2
4.61,1.71,3.47,164.54,1
7.86,1.97,1.29,94.04,2
3.97,3.04,4.57,234.48,1
6.06,0.95,2.81,76.67,1
3.55,3.11,1.36,185.91,2
8.12,0.8,2.35,140.97,1
3.35,3.89,3.04,109.57,2
4.21,3.17,1.19,59.23,2
7.63,2.88,3.1,16.2,1
3.63,4.01,2.51,183.98,2
3.75,4.88,3.69,239.75,2
8.11,1.66,1.33,75.15,2
5.17,1.8,3.25,59.78,1
6.69,2.22,1.89,112.07,2
7.93,4.29,3.61,104.72,2
7.25,5.29,3.48,32.47,2
5.13,4.2,4.49,15.0,1
5.19,2.17,2.97,116.88,1
6.29,2.3,4.25,234.11,1
5.42,4.41,4.96,249.54,1
7.41,3.8,2.78,110.39,2
6.18,-0.27,1.47,120.05,1
7.39,-0.08,1.74,40.73,1
5.21,2.45,4.44,81.77,1
3.06,4.76,3.83,126.59,2
8.34,1.93,1.26,232.69,2
4.71,1.83,3.52,191.07,1
4.19,1.02,2.97,158.49,1
7.01,2.15,4.11,73.41,1
7.76,1.15,1.29,102.57,1
4.13,1.1,1.83,191.74,1
4.25,2.62,4.34,238.33,1
7.04,5.78,4.12,74.87,2
6.46,1.21,2.45,72.8,1
7.89,3.01,3.24,65.59,1
6.56,2.54,3.9,141.48,1
3.8,2.91,2.03,54.62,2
5.84,3.03,4.03,187.99,1
4.82,3.48,3.48,197.65,2
4.37,3.63,3.24,10.61,2
5.21,2.63,2.6,208.22,2
6.49,1.48,1.44,139.7,2
4.79,1.39,2.95,183.42,1
4.7,4.05,3.03,227.23,2
3.02,1.16,2.2,163.95,1
4.73,1.33,1.12,90.72,2
5.1,2.54,4.27,173.98,1
3.35,1.52,2.36,141.69,1
5.36,0.66,1.07,175.66,1
6.83,1.31,1.99,215.47,1
5.81,4.03,3.99,8.92,2
6.35,1.2,1.12,14.85,2
7.63,2.89,3.98,198.2,1
8.23,5.29,4.27,137.99,2
5.21,2.87,2.21,242.84,2
3.07,0.87,1.95,25.43,1
4.12,4.36,4.52,36.93,1
8.45,2.07,2.13,245.55,1
5.7,2.83,1.93,173.96,2
4.56,3.99,2.39,59.19,2
7.01,2.22,4.03,97.33,1
3.96,4.29,4.26,87.8,2
7.86,5.27,3.51,28.42,2
3.57,4.53,3.84,123.35,2
3.37,3.59,4.82,140.57,1
4.99,3.93,3.63,252.94,2
3.84,5.81,4.4,179.15,2
5.35,1.64,1.45,128.33,2
4.63,5.32,4.54,223.78,2
8.45,1.7,1.32,139.14,2
7.49,4.09,3.92,84.62,2
6.79,2.85,3.95,149.56,1
3.87,2.43,2.65,46.0,1
3.22,3.89,1.94,87.71,2
4.13,2.38,3.08,8.5,1
5.4,4.25,3.26,181.92,2
4.58,2.69,2.89,83.28,1
3.45,0.84,1.44,139.68,1
6.13,3.47,3.82,72.49,1
8.19,1.95,1.8,56.01,2
3.05,4.67,4.48,126.06,2
3.5,1.62,1.65,108.02,1
3.12,2.55,3.49,95.32,1
4.15,3.47,3.28,139.91,2
7.1,2.59,2.8,7.8,1
3.17,4.67,4.05,45.18,2
3.9,2.53,3.53,206.27,1
8.36,3.45,3.04,86.77,2
7.39,4.04,4.34,198.15,1
7.42,5.17,3.69,206.49,2
3.79,0.96,2.24,178.79,1
6.34,2.67,4.07,6.57,1
3.37,0.37,1.32,222.86,1
3.69,1.3,2.17,226.72,1
6.65,2.72,2.68,109.14,2
4.25,4.13,4.39,53.49,1
7.82,0.63,1.43,241.46,1
7.62,4.74,2.98,224.78,2
4.81,2.18,2.77,174.15,1
7.08,0.99,1.9,218.5,1
6.05,2.14,1.05,144.84,2
6.26,3.52,3.73,253.97,1
3.03,4.69,3.66,228.59,2
3.77,3.66,2.05,162.61,2
5.7,2.56,3.47,26.02,1
7.44,1.81,2.23,55.28,1
7.11,3.29,3.72,251.69,1
7.7,3.52,4.64,94.47,1
4.97,0.35,2.16,179.22,1
5.95,1.47,2.83,33.8,1
6.42,3.38,2.24,167.18,2
6.16,3.64,3.47,223.32,2
6.1,3.29,2.11,20.16,2
6.61,3.52,2.75,10.85,2
3.69,3.51,2.42,197.82,2
6.33,2.35,3.93,94.42,1
5.21,2.16,3.26,54.52,1
7.66,5.66,4.85,201.57,2
6.38,2.5,2.48,104.45,2
8.25,4.05,3.9,83.98,2
3.79,3.24,2.98,30.11,2
3.23,2.17,1.97,15.79,2
5.81,-0.82,1.12,4.42,1
4.75,-0.31,1.55,69.8,1
7.73,0.38,1.46,94.21,1
6.92,2.86,1.81,154.87,2
4.88,2.77,3.0,66.77,1
4.8,4.91,4.11,93.46,2
6.06,4.05,4.76,223.8,1
7.01,4.42,4.44,34.33,1
7.21,1.97,3.28,37.1,1
5.51,5.08,4.96,248.77,2
6.86,3.44,4.09,200.66,1
8.28,0.44,1.84,140.78,1
4.44,5.53,3.55,33.63,2
7.83,0.31,1.35,66.03,1
4.12,5.38,4.99,99.27,2
3.64,3.88,1.94,86.09,2
6.85,2.96,1.91,11.8,2
3.68,1.34,2.83,53.23,1
4.45,4.84,3.03,201.72,2
6.64,4.22,2.28,130.26,2
7.87,-0.84,1.06,228.05,1
7.35,3.46,2.07,229.65,2
5.7,2.87,1.28,124.5,2
4.04,4.16,2.58,234.64,2
7.9,2.92,3.63,234.67,1
5.05,1.27,1.99,145.44,1
6.59,2.7,2.52,3.52,2
8.45,5.92,4.2,140.4,2
5.23,5.45,4.27,160.63,2
5.33,2.89,1.8,234.64,2
7.2,3.89,4.35,127.48,1
3.42,-0.2,1.61,41.61,1
4.79,5.22,3.63,82.27,2
5.39,5.42,3.97,216.46,2
6.32,1.94,3.23,252.95,1
8.42,5.34,4.45,132.02,2
7.81,2.61,4.32,73.67,1
6.55,1.34,1.75,118.88,1
4.13,5.29,3.8,228.39,2
7.76,0.6,2.18,130.36,1
7.13,4.03,3.61,61.88,2
7.7,3.22,3.5,36.06,1
7.13,0.48,1.8,9.58,1
4.8,1.72,2.35,44.87,1
3.18,2.68,1.77,96.96,2
4.62,2.69,2.75,41.96,1
7.71,4.62,4.29,102.83,2
7.22,2.88,4.35,99.45,1
5.31,2.88,1.33,125.39,2
5.76,2.28,2.29,120.93,1
6.13,2.49,3.84,70.2,1
6.31,-0.22,1.0,140.92,1
8.16,5.24,4.83,189.98,2
3.7,2.88,2.3,54.14,2
8.23,2.94,3.46,36.41,1
4.34,3.97,3.59,66.81,2
3.84,1.32,1.48,234.99,1
4.92,4.78,3.04,89.77,2
5.16,0.4,1.36,202.58,1
6.18,2.33,2.75,28.5,1
7.07,2.92,3.5,48.17,1
3.64,2.62,2.78,248.74,1
4.17,1.01,2.95,63.64,1
4.35,4.36,2.64,0.06,2
4.15,-0.07,1.32,202.84,1
5.59,4.14,4.89,225.17,1
7.5,5.93,4.19,141.61,2
7.7,5.59,4.58,1.34,2
3.32,2.72,3.35,129.16,1
7.6,1.93,3.71,207.08,1
7.25,3.53,4.82,198.75,1
4.27,2.95,4.72,95.04,1
4.11,3.04,2.04,25.29,2
8.14,1.8,1.29,119.84,2
6.89,3.01,3.45,82.75,1
4.78,3.08,1.7,232.82,2
4.68,3.7,2.26,19.37,2
8.44,1.33,2.45,115.57,1
7.92,5.67,4.94,7.4,2
7.85,3.64,1.89,212.9,2
4.68,5.29,4.42,206.0,2
4.83,3.24,3.72,127.79,1
6.56,1.9,2.14,170.43,1
7.3,3.74,4.62,55.1,1
5.87,3.26,1.28,30.86,2
3.57,1.4,3.02,165.77,1
6.18,0.62,2.3,134.51,1
3.68,0.46,2.0,42.87,1
3.06,2.9,4.6,99.47,1
4.18,3.7,2.1,49.39,2
4.84,4.23,4.51,162.96,1
4.09,6.63,4.78,107.51,2
3.25,4.28,3.78,11.64,2
5.76,2.63,1.38,162.23,2
6.44,4.03,3.31,200.67,2
7.83,4.84,4.58,227.99,2
5.35,-0.09,1.33,172.89,1
4.0,2.05,1.56,245.87,2
5.94,4.85,3.92,121.04,2
5.04,4.01,4.01,132.76,2
7.64,4.26,4.56,152.35,1
5.92,2.22,3.08,190.48,1
8.14,3.16,3.65,115.74,1
5.68,6.38,4.63,118.03,2
5.89,3.33,2.01,146.02,2
7.8,6.23,4.47,210.58,2
5.8,3.71,2.25,129.72,2
4.92,3.13,1.89,254.57,2
4.54,1.94,1.77,205.97,2
7.77,4.29,2.61,141.93,2
6.64,0.94,2.65,127.2,1
6.97,2.03,3.49,224.09,1
6.27,-0.0,1.29,154.15,1
5.29,2.02,1.48,56.2,2
6.8,6.82,4.91,108.15,2
8.11,2.65,1.02,10.38,2
3.47,1.76,2.95,235.95,1
3.6,1.37,2.33,53.73,1
3.13,3.12,4.15,17.15,1
6.43,2.12,2.22,42.05,1
4.96,0.9,2.45,38.76,1
4.18,0.8,1.83,108.96,1
6.41,0.97,2.59,39.13,1
8.45,1.07,2.59,56.18,1
3.66,3.73,3.0,26.14,2
6.92,4.29,3.96,180.23,2
4.07,2.52,3.04,52.9,1
5.4,4.06,2.64,177.2,2
7.95,5.44,4.36,132.76,2
7.93,5.88,4.73,183.99,2
7.71,0.98,1.13,157.53,1
7.88,2.24,1.23,92.72,2
6.55,2.98,2.98,213.04,2
4.97,3.16,4.24,96.25,1
5.57,3.17,4.0,157.02,1
3.89,3.01,2.71,139.69,2
5.96,5.75,4.26,230.25,2
4.04,4.96,4.18,48.67,2
6.23,1.16,1.61,169.77,1
7.54,3.68,3.39,87.24,2
5.36,1.55,1.77,1.81,1
3.27,2.08,3.9,90.18,1
4.58,2.16,3.72,25.75,1
6.7,4.07,3.36,252.38,2
6.2,3.43,4.36,100.35,1
8.34,4.02,3.98,209.99,2
3.26,2.09,1.47,11.43,2
4.62,2.14,1.95,170.84,2
4.24,3.74,3.84,173.64,1
3.67,4.08,3.33,198.77,2
7.42,2.32,4.12,25.11,1
7.31,3.51,4.23,35.16,1
4.52,4.09,4.97,150.93,1
3.37,2.03,2.09,243.68,1
8.17,2.67,1.65,46.94,2
5.56,2.39,2.29,42.72,2
8.17,3.01,1.38,125.01,2
7.59,5.39,4.48,179.13,2
4.43,2.69,2.56,54.06,2
7.44,4.46,3.38,119.29,2
4.35,4.61,2.99,22.33,2
4.67,4.84,4.57,23.05,2
6.15,0.61,2.43,22.33,1
3.74,0.03,1.84,73.65,1
4.58,2.01,1.67,247.22,2
